{"mean": [81.71441098, 57.1896003,  41.03981951],
 "variance": [1595.95466848,  933.00457299,  746.25977665]}
